{
  "blockCountMedian": 59890888,
  "blockCountMax": 59890888,
  "blockCountMin": 34784225,
  "cementedMedian": 59890888,
  "cementedMax": 59890922,
  "cementedMin": 12934308,
  "uncheckedMedian": 0,
  "uncheckedMax": 24504996,
  "uncheckedMin": 0,
  "peersMedian": 218,
  "peersMax": 255,
  "peersMin": 154,
  "diffMedian": 0.0,
  "diffMax": 25106663.0,
  "memoryMedian": 1133,
  "memoryMax": 17636,
  "memoryMin": 561,
  "procTimeMedian": 667,
  "procTimeMax": 1674,
  "procTimeMin": 3,
  "multiplierMedian": 1.0,
  "multiplierMax": 1.0,
  "multiplierMin": 1.0,
  "conf50Median": 158,
  "conf75Median": 187,
  "conf90Median": 219,
  "conf99Median": 262,
  "confAveMedian": 155,
  "confAveMin": 36,
  "lenBlockCount": 222,
  "lenCemented": 222,
  "lenUnchecked": 222,
  "lenPeers": 222,
  "lenConf50": 58,
  "lenMemory": 62,
  "lenProcTime": 28,
  "lenMultiplier": 55,
  "monitorCount": 64,
  "telemetryCount": 222,
  "BPSMax": 0.3428375521398777,
  "BPSMedian": 0.3428326993697049,
  "BPSp75": 0.3428375521398777,
  "CPSMax": 0.3428375521398777,
  "CPSMedian": 0.34283256580871674,
  "CPSp75": 0.3428375521398777,
  "blockCountMedian_pr": 59890888,
  "blockCountMax_pr": 59890888,
  "blockCountMin_pr": 59023740,
  "cementedMedian_pr": 59890888,
  "cementedMax_pr": 59890888,
  "cementedMin_pr": 59023735,
  "uncheckedMedian_pr": 0,
  "uncheckedMax_pr": 867145,
  "uncheckedMin_pr": 0,
  "peersMedian_pr": 227,
  "peersMax_pr": 255,
  "peersMin_pr": 155,
  "diffMedian_pr": 0.0,
  "diffMax_pr": 867148.0,
  "memoryMedian_pr": 1089,
  "memoryMax_pr": 17636,
  "memoryMin_pr": 561,
  "procTimeMedian_pr": 495,
  "procTimeMax_pr": 887,
  "procTimeMin_pr": 3,
  "multiplierMedian_pr": 1.0,
  "multiplierMax_pr": 1.0,
  "multiplierMin_pr": 1.0,
  "conf50Median_pr": 146,
  "conf75Median_pr": 171,
  "conf90Median_pr": 205,
  "conf99Median_pr": 242,
  "confAveMedian_pr": 142,
  "confAveMin_pr": 54,
  "lenBlockCount_pr": 80,
  "lenCemented_pr": 80,
  "lenUnchecked_pr": 80,
  "lenPeers_pr": 80,
  "lenConf50_pr": 34,
  "lenMemory_pr": 38,
  "lenProcTime_pr": 6,
  "lenMultiplier_pr": 33,
  "monitorCount_pr": 32,
  "telemetryCount_pr": 78,
  "BPSMax_pr": 0.34282286057108574,
  "BPSMedian_pr": 0.3428317527259529,
  "BPSp75_pr": 0.3428375521398777,
  "CPSMax_pr": 0.34282286057108574,
  "CPSMedian_pr": 0.3428317527259529,
  "CPSp75_pr": 0.3428375521398777,
  "pLatestVersionStat": 100.0,
  "pTypesStat": 100.0,
  "pStakeTotalStat": 78.48550198844396,
  "pStakeRequiredStat": 45.029326180613424,
  "pStakeLatestVersionStat": 100.0,
  "pStakeOnline": 106082978.98833254,
  "lastUpdated": "2020-12-15 07:25:38",
  "lastUpdatedUnix": "1608017138.2374985"
}